<CATALOG>
   <SUBJECT>
      <NAME>Vennessa</NAME>
      <EMAIL>venessa.barrows@yahoo.com</EMAIL>
      <LOCATION>Kingston</LOCATION>
   </SUBJECT>
   
   <SUBJECT>
      <NAME>Tyshorna</NAME>
      <EMAIL>tyshornahenry@gmail.com</EMAIL>
      <LOCATION>Negril</LOCATION>
   </SUBJECT>
   
   <SUBJECT>
      <NAME>Onaje</NAME>
      <EMAIL>sajaeyoung07@gmail.com</EMAIL>
      <LOCATION>Montego Bay</LOCATION>
   </SUBJECT>
   
   <SUBJECT>
      <NAME>Monique</NAME>
      <EMAIL>moniquerose432@gmail.com</EMAIL>
      <LOCATION>St.Andrew</LOCATION>
   </SUBJECT>
    
    <SUBJECT>
      <NAME>Abigail</NAME>
      <EMAIL>abigailthomas279@gmail.com</EMAIL>
      <LOCATION>Portmore</LOCATION>
   </SUBJECT>
</CATALOG>